scaffold	orf_number	start	end	strand
scaffold3|size100523	1	1038	1316	+
scaffold3|size100523	9	20727	21404	+
scaffold3|size100523	12	31377	32360	+
scaffold3|size100523	14	40869	41540	+
scaffold3|size100523	18	52485	53534	+
scaffold3|size100523	22	61368	62030	+
scaffold3|size100523	23	62223	62447	+
scaffold3|size100523	24	62478	63560	+
scaffold3|size100523	25	64107	64472	+
scaffold3|size100523	26	70755	71354	+
scaffold3|size100523	30	80364	80702	+
scaffold3|size100523	31	83217	83492	+
scaffold3|size100523	35	87204	87494	+
scaffold3|size100523	37	88767	89024	+
scaffold3|size100523	39	96051	97895	+
scaffold3|size100523	41	99462	100382	+
scaffold3|size100523	43	4078	4362	+
scaffold3|size100523	44	5815	6369	+
scaffold3|size100523	45	7723	7983	+
scaffold3|size100523	46	11539	11784	+
scaffold3|size100523	47	13567	14871	+
scaffold3|size100523	48	16411	17268	+
scaffold3|size100523	50	18109	18600	+
scaffold3|size100523	54	22408	23124	+
scaffold3|size100523	55	23329	23709	+
scaffold3|size100523	59	28051	30249	+
scaffold3|size100523	61	36154	36366	+
scaffold3|size100523	64	41578	41973	+
scaffold3|size100523	68	47818	51861	+
scaffold3|size100523	70	54076	56853	+
scaffold3|size100523	71	64987	65310	+
scaffold3|size100523	77	70651	71046	+
scaffold3|size100523	78	71050	71487	+
scaffold3|size100523	84	80629	83232	+
scaffold3|size100523	85	83785	84123	+
scaffold3|size100523	95	794	1078	+
scaffold3|size100523	96	1679	2056	+
scaffold3|size100523	100	17336	18058	+
scaffold3|size100523	114	46805	47704	+
scaffold3|size100523	117	57926	58999	+
scaffold3|size100523	119	65303	67219	+
scaffold3|size100523	120	67277	67570	+
scaffold3|size100523	121	67709	68929	+
scaffold3|size100523	123	74876	75139	+
scaffold3|size100523	124	79625	80212	+
scaffold3|size100523	130	88385	88618	+
scaffold3|size100523	131	89378	89611	+
scaffold3|size100523	133	92456	92779	+
scaffold3|size100523	136	95348	95989	+
scaffold3|size100523	141	99718	99020	-
scaffold3|size100523	142	95281	94082	-
scaffold3|size100523	147	85648	84026	-
scaffold3|size100523	150	73588	73148	-
scaffold3|size100523	151	67456	67067	-
scaffold3|size100523	157	60655	60260	-
scaffold3|size100523	159	59701	59432	-
scaffold3|size100523	161	57319	57035	-
scaffold3|size100523	162	56971	56741	-
scaffold3|size100523	163	54307	53531	-
scaffold3|size100523	167	46798	46073	-
scaffold3|size100523	168	45997	45134	-
scaffold3|size100523	169	43327	42785	-
scaffold3|size100523	170	42766	41987	-
scaffold3|size100523	172	38911	38333	-
scaffold3|size100523	173	36211	35825	-
scaffold3|size100523	174	35671	33203	-
scaffold3|size100523	175	33172	32402	-
scaffold3|size100523	180	21910	21557	-
scaffold3|size100523	183	20323	18647	-
scaffold3|size100523	184	15604	14954	-
scaffold3|size100523	185	12028	11705	-
scaffold3|size100523	186	11098	10529	-
scaffold3|size100523	187	99015	98482	-
scaffold3|size100523	188	93555	90262	-
scaffold3|size100523	190	86523	85708	-
scaffold3|size100523	196	78936	78544	-
scaffold3|size100523	198	74793	73732	-
scaffold3|size100523	199	72858	72211	-
scaffold3|size100523	202	60177	59569	-
scaffold3|size100523	203	59289	59011	-
scaffold3|size100523	205	58167	57541	-
scaffold3|size100523	214	45246	44923	-
scaffold3|size100523	217	40155	38920	-
scaffold3|size100523	219	31302	30940	-
scaffold3|size100523	221	28365	27664	-
scaffold3|size100523	222	27624	26230	-
scaffold3|size100523	223	26145	23764	-
scaffold3|size100523	224	20781	20329	-
scaffold3|size100523	229	16386	15628	-
scaffold3|size100523	232	13632	12442	-
scaffold3|size100523	233	12378	11917	-
scaffold3|size100523	234	11286	11068	-
scaffold3|size100523	235	10143	9862	-
scaffold3|size100523	236	9561	9124	-
scaffold3|size100523	237	4593	4354	-
scaffold3|size100523	238	2841	2461	-
scaffold3|size100523	242	94010	93591	-
scaffold3|size100523	243	87884	86631	-
scaffold3|size100523	248	78011	77169	-
scaffold3|size100523	249	77093	75330	-
scaffold3|size100523	252	73151	72927	-
scaffold3|size100523	253	71936	71679	-
scaffold3|size100523	254	71645	68958	-
scaffold3|size100523	255	67664	67326	-
scaffold3|size100523	258	64739	64371	-
scaffold3|size100523	259	64067	63546	-
scaffold3|size100523	260	60431	59970	-
scaffold3|size100523	270	48431	48087	-
scaffold3|size100523	271	44939	43260	-
scaffold3|size100523	273	41684	41445	-
scaffold3|size100523	274	40928	40248	-
scaffold3|size100523	275	38324	37593	-
scaffold3|size100523	276	37571	36378	-
scaffold3|size100523	278	30932	30432	-
scaffold3|size100523	282	26405	26019	-
scaffold3|size100523	286	22409	22155	-
scaffold3|size100523	288	19286	18972	-
scaffold3|size100523	292	11555	11283	-
scaffold3|size100523	293	6548	6294	-
scaffold3|size100523	294	5075	4824	-
scaffold3|size100523	295	3743	3531	-
scaffold3|size100523	296	3179	2910	-
scaffold3|size100523	298	2483	2217	-
