New_ORF	Previous_ORF	start	end	strand	length_AA
XwIV_ORF_1	NA	77	355	+	93
XwIV_ORF_2	NA	356	601	+	82
XwIV_ORF_3	NA	913	1137	-	75
XwIV_ORF_4	NA	1073	1291	+	73
XwIV_ORF_5	NA	1454	1726	-	91
XwIV_ORF_6	NA	4485	4706	-	74
XwIV_ORF_7	NA	5056	5289	-	78
XwIV_ORF_8	NA	5705	6043	+	113
XwIV_ORF_9	NA	6225	6500	-	92
XwIV_ORF_10	NA	8921	9148	+	76
XwIV_ORF_11	NA	9313	9531	-	73
XwIV_ORF_12	NA	9467	9691	+	75
XwIV_ORF_13	NA	10002	10289	-	96
XwIV_ORF_14	NA	10262	10591	-	110
XwIV_ORF_15	NA	10601	11065	-	155
XwIV_ORF_16	ORF41_scaffold3-size100523:99462:100382	11188	11985	-	266
XwIV_ORF_17	ORF141_scaffold3-size100523:99718:99020	11732	12427	+	232
XwIV_ORF_18	ORF187_scaffold3-size100523:99015:98482	12435	12965	+	177
XwIV_ORF_19	ORF39_scaffold3-size100523:96051:97895	13558	15399	-	614
XwIV_ORF_20	ORF136_scaffold3-size100523:95348:95989	15464	16102	-	213
XwIV_ORF_21	ORF142_scaffold3-size100523:95281:94082	16169	17365	+	399
XwIV_ORF_22	ORF242_scaffold3-size100523:94010:93591	17440	17856	+	139
XwIV_ORF_23	ORF188_scaffold3-size100523:93555:90262	17895	21185	+	1097
XwIV_ORF_24	ORF133_scaffold3-size100523:92456:92779	18674	18994	-	107
XwIV_ORF_25	NA	21382	21660	-	93
XwIV_ORF_26	NA	22709	23068	-	120
XwIV_ORF_27	ORF131_scaffold3-size100523:89378:89611	23444	23674	-	77
XwIV_ORF_28	ORF37_scaffold3-size100523:88767:89024	24031	24285	-	85
XwIV_ORF_29	ORF130_scaffold3-size100523:88385:88618	24437	24667	-	77
XwIV_ORF_30	ORF243_scaffold3-size100523:87884:86631	25167	26357	+	397
XwIV_ORF_31	ORF35_scaffold3-size100523:87204:87494	25560	25847	-	96
XwIV_ORF_32	ORF190_scaffold3-size100523:86523:85708	26606	27340	+	245
XwIV_ORF_33	NA	27285	27755	-	157
XwIV_ORF_34	ORF147_scaffold3-size100523:85648:84026	27749	29020	+	424
XwIV_ORF_35	ORF85_scaffold3-size100523:83785:84123	28929	29264	-	112
XwIV_ORF_36	ORF84_scaffold3-size100523:80629:83232	29433	31775	-	781
XwIV_ORF_37	ORF30_scaffold3-size100523:80364:80702	31705	32040	-	112
XwIV_ORF_38	ORF124_scaffold3-size100523:79625:80212	32195	32779	-	195
XwIV_ORF_39	ORF196_scaffold3-size100523:78936:78544	33468	33857	+	130
XwIV_ORF_40	ORF248_scaffold3-size100523:78011:77169	34393	35232	+	280
XwIV_ORF_41	ORF249_scaffold3-size100523:77093:75330	35311	37071	+	587
XwIV_ORF_42	ORF123_scaffold3-size100523:74876:75139	37268	37528	-	87
XwIV_ORF_43	ORF198_scaffold3-size100523:74793:73732	37611	38669	+	353
XwIV_ORF_44	NA	38700	38921	+	74
XwIV_ORF_45	ORF150_scaffold3-size100523:73588:73148	38816	39253	+	146
XwIV_ORF_46	ORF252_scaffold3-size100523:73151:72927	39253	39474	+	74
XwIV_ORF_47	ORF199_scaffold3-size100523:72858:72211	39546	40190	+	215
XwIV_ORF_48	ORF253_scaffold3-size100523:71936:71679	40468	40722	+	85
XwIV_ORF_49	ORF254_scaffold3-size100523:71645:68958	40759	43440	+	894
XwIV_ORF_50	ORF78_scaffold3-size100523:71050:71487	40920	41390	-	157
XwIV_ORF_51	ORF26_scaffold3-size100523:70755:71354	41053	41646	-	198
XwIV_ORF_52	ORF77_scaffold3-size100523:70651:71046	41397	41750	-	118
XwIV_ORF_53	ORF121_scaffold3-size100523:67709:68929	43475	44494	-	340
XwIV_ORF_54	ORF255_scaffold3-size100523:67664:67326	44737	45072	+	112
XwIV_ORF_55	ORF120_scaffold3-size100523:67277:67570	44834	45124	-	97
XwIV_ORF_56	ORF151_scaffold3-size100523:67456:67067	44945	45331	+	129
XwIV_ORF_57	ORF119_scaffold3-size100523:65303:67219	45185	47098	-	638
XwIV_ORF_58	ORF71_scaffold3-size100523:64987:65310	47094	47402	-	103
XwIV_ORF_59	ORF258_scaffold3-size100523:64739:64371	47645	47917	+	91
XwIV_ORF_60	ORF25_scaffold3-size100523:64107:64472	47825	48187	-	121
XwIV_ORF_61	ORF259_scaffold3-size100523:64067:63546	48227	48745	+	173
XwIV_ORF_62	ORF24_scaffold3-size100523:62478:63560	48737	49147	-	137
XwIV_ORF_63	ORF23_scaffold3-size100523:62223:62447	49201	49374	-	58
XwIV_ORF_64	ORF22_scaffold3-size100523:61368:62030	49616	50278	-	221
XwIV_ORF_65	ORF157_scaffold3-size100523:60655:60260	51191	51385	+	65
XwIV_ORF_66	ORF260_scaffold3-size100523:60431:59970	51226	51675	+	150
XwIV_ORF_67	ORF202_scaffold3-size100523:60177:59569	51471	51989	+	173
XwIV_ORF_68	ORF159_scaffold3-size100523:59701:59432	51985	52179	+	65
XwIV_ORF_69	ORF203_scaffold3-size100523:59289:59011	52386	52634	+	83
XwIV_ORF_70	ORF117_scaffold3-size100523:57926:58999	52652	53722	-	357
XwIV_ORF_71	ORF205_scaffold3-size100523:58167:57541	53481	54104	+	208
XwIV_ORF_72	ORF161_scaffold3-size100523:57319:57035	54329	54610	+	94
XwIV_ORF_73	ORF162_scaffold3-size100523:56971:56741	54677	54904	+	76
XwIV_ORF_74	ORF70_scaffold3-size100523:54076:56853	54798	57572	-	925
XwIV_ORF_75	ORF163_scaffold3-size100523:54307:53531	57341	58114	+	258
XwIV_ORF_76	ORF18_scaffold3-size100523:52485:53534	58117	59163	-	349
XwIV_ORF_77	ORF69_scaffold3-size100523:53038:53277	58374	58610	-	79
XwIV_ORF_78	NA	59295	59549	+	85
XwIV_ORF_79	ORF68_scaffold3-size100523:47818:51861	59790	63830	-	1347
XwIV_ORF_80	ORF270_scaffold3-size100523:48431:48087	63217	63558	+	114
XwIV_ORF_81	ORF114_scaffold3-size100523:46805:47704	63947	64843	-	299
XwIV_ORF_82	ORF167_scaffold3-size100523:46798:46073	64850	65572	+	241
XwIV_ORF_83	ORF168_scaffold3-size100523:45997:45134	65651	66511	+	287
XwIV_ORF_84	ORF214_scaffold3-size100523:45246:44923	66402	66722	+	107
XwIV_ORF_85	ORF271_scaffold3-size100523:44939:43260	66709	68385	+	559
XwIV_ORF_86	ORF169_scaffold3-size100523:43327:42785	68321	68860	+	180
XwIV_ORF_87	ORF170_scaffold3-size100523:42766:41987	68882	69658	+	259
XwIV_ORF_88	ORF64_scaffold3-size100523:41578:41973	69678	70070	-	131
XwIV_ORF_89	ORF273_scaffold3-size100523:41684:41445	69964	70200	+	79
XwIV_ORF_90	ORF14_scaffold3-size100523:40869:41540	70111	70815	-	235
XwIV_ORF_91	ORF274_scaffold3-size100523:40928:40248	70756	71433	+	226
XwIV_ORF_92	ORF217_scaffold3-size100523:40155:38920	71529	72761	+	411
XwIV_ORF_93	ORF172_scaffold3-size100523:38911:38333	72773	73348	+	192
XwIV_ORF_94	ORF275_scaffold3-size100523:38324:37593	73360	74088	+	243
XwIV_ORF_95	ORF276_scaffold3-size100523:37571:36378	74113	75339	+	409
XwIV_ORF_96	ORF61_scaffold3-size100523:36154:36366	75357	75566	-	70
XwIV_ORF_97	ORF173_scaffold3-size100523:36211:35825	75509	75892	+	128
XwIV_ORF_98	ORF174_scaffold3-size100523:35671:33203	76049	78514	+	822
XwIV_ORF_99	ORF175_scaffold3-size100523:33172:32402	78548	79315	+	256
XwIV_ORF_100	ORF12_scaffold3-size100523:31377:32360	79363	80343	-	327
XwIV_ORF_101	ORF219_scaffold3-size100523:31302:30940	80418	80777	+	120
XwIV_ORF_102	ORF278_scaffold3-size100523:30932:30432	80788	81285	+	166
XwIV_ORF_103	ORF59_scaffold3-size100523:28051:30249	81474	83672	-	733
XwIV_ORF_104	ORF221_scaffold3-size100523:28365:27664	83358	84056	+	233
XwIV_ORF_105	ORF222_scaffold3-size100523:27624:26230	84099	85490	+	464
XwIV_ORF_106	ORF282_scaffold3-size100523:26405:26019	85318	85701	+	128
XwIV_ORF_107	ORF223_scaffold3-size100523:26145:23764	85578	87956	+	793
XwIV_ORF_108	ORF55_scaffold3-size100523:23329:23709	88017	88394	-	126
XwIV_ORF_109	ORF54_scaffold3-size100523:22408:23124	88602	89315	-	238
XwIV_ORF_110	ORF286_scaffold3-size100523:22409:22155	89314	89565	+	84
XwIV_ORF_111	ORF180_scaffold3-size100523:21910:21557	89813	90163	+	117
XwIV_ORF_112	ORF9_scaffold3-size100523:20727:21404	90322	90996	-	225
XwIV_ORF_113	ORF224_scaffold3-size100523:20781:20329	90942	91391	+	150
XwIV_ORF_114	ORF183_scaffold3-size100523:20323:18647	91400	93073	+	558
XwIV_ORF_115	ORF288_scaffold3-size100523:19286:18972	92437	92748	+	104
XwIV_ORF_116	ORF50_scaffold3-size100523:18109:18600	93126	93614	-	163
XwIV_ORF_117	ORF100_scaffold3-size100523:17336:18058	93668	94387	-	240
XwIV_ORF_118	ORF48_scaffold3-size100523:16411:17268	94458	95312	-	285
XwIV_ORF_119	ORF229_scaffold3-size100523:16386:15628	95337	96092	+	252
XwIV_ORF_120	ORF184_scaffold3-size100523:15604:14954	96119	96766	+	216
XwIV_ORF_121	ORF47_scaffold3-size100523:13567:14871	96855	98156	-	434
XwIV_ORF_122	ORF232_scaffold3-size100523:13632:12442	98091	99278	+	396
XwIV_ORF_123	ORF233_scaffold3-size100523:12378:11917	99345	99803	+	153
XwIV_ORF_124	ORF185_scaffold3-size100523:12028:11705	99695	100015	+	107
XwIV_ORF_125	ORF46_scaffold3-size100523:11539:11784	99942	100184	-	81
XwIV_ORF_126	ORF292_scaffold3-size100523:11555:11283	100168	100437	+	90
XwIV_ORF_127	ORF234_scaffold3-size100523:11286:11068	100437	100652	+	72
XwIV_ORF_128	ORF186_scaffold3-size100523:11098:10529	100625	101191	+	189
XwIV_ORF_129	ORF235_scaffold3-size100523:10143:9862	101580	101858	+	93
XwIV_ORF_130	ORF236_scaffold3-size100523:9561:9124	102162	102428	+	89
XwIV_ORF_131	NA	102655	102885	+	77
XwIV_ORF_132	NA	102840	103064	-	75
XwIV_ORF_133	NA	103000	103218	+	73
XwIV_ORF_134	NA	103381	103665	-	95
